<?xml version="1.0" encoding="utf-8"?>
<!DOCTYPE hibernate-mapping PUBLIC 
 "-//Hibernate/Hibernate Mapping DTD//EN"
 "http://www.hibernate.org/dtd/hibernate-mapping-3.0.dtd">

<hibernate-mapping>
	<class name="test.Beans.Class" table="Classes">
		<meta attribute="class-description">
			This class contains the classes detail.
		</meta>
		<id name="id" type="int" column="ID">
			<generator class="native" />
		</id>
		<property name="className" column="Class_Name" type="string" />
	</class>
</hibernate-mapping>