<?xml version="1.0" encoding="utf-8"?>
<!DOCTYPE hibernate-mapping PUBLIC 
 "-//Hibernate/Hibernate Mapping DTD//EN"
 "http://www.hibernate.org/dtd/hibernate-mapping-3.0.dtd">

<hibernate-mapping>
	<class name="test.Beans.Subject" table="Subject">
		<meta attribute="class-description">
			This class contains the subjects detail.
		</meta>
		<id name="id" type="int" column="ID">
			<generator class="native" />
		</id>
		<property name="name" column="Name" type="string" />

	</class>
</hibernate-mapping>