<?xml version="1.0" encoding="utf-8"?>
<!DOCTYPE hibernate-mapping PUBLIC 
 "-//Hibernate/Hibernate Mapping DTD//EN"
 "http://www.hibernate.org/dtd/hibernate-mapping-3.0.dtd"> 

<hibernate-mapping>
   <class name="ro.enered.beans.Employee" table="Employees">
      <meta attribute="class-description">
         This class contains the user detail. 
      </meta>
      <id name="id" type="int" column="id">
         <generator class="native"/>
      </id>
      <property name="firstName" column="first_name" type="string"/>
      <property name="lastName" column="last_name" type="string"/>
      <property name="username" column="username" type="string"/>
      <property name="password" column="password" type="string"/>
      <property name="expirationDate" column="expiration_date" type="timestamp"/>
      <property name="salary" column="salary" type="double"/>
      <property name="departmentID" column="department_id" type="int"/>
      <property name="positionID" column="position_id" type="int"/>
   </class>
</hibernate-mapping>