<?xml version="1.0" encoding="utf-8"?>
<!DOCTYPE hibernate-configuration SYSTEM 
"http://www.hibernate.org/dtd/hibernate-configuration-3.0.dtd">

<hibernate-configuration>
	<session-factory>
		<property name="hibernate.dialect">
			org.hibernate.dialect.MySQLDialect
		</property>
		<property name="hibernate.connection.driver_class">
			com.mysql.jdbc.Driver
		</property>
		<property name="hibernate.current_session_context_class">thread</property>

		<!-- Assume test is the database name -->
		<property name="hibernate.connection.url">
			jdbc:mysql://baniimei.online/ERP_DB
		</property>
		<property name="hibernate.connection.username">
			root
		</property>
		<property name="hibernate.connection.password">
			BaniiMeiDev1!
		</property>

		<!-- List of XML mapping files -->
		<mapping resource="Employee.hbm.xml" />
		<mapping resource="User.hbm.xml" />
		<mapping resource="Department.hbm.xml" />
		<mapping resource="Position.hbm.xml" />

	</session-factory>
</hibernate-configuration>