<?xml version="1.0" encoding="utf-8"?>
<!DOCTYPE hibernate-mapping PUBLIC 
 "-//Hibernate/Hibernate Mapping DTD//EN"
 "http://www.hibernate.org/dtd/hibernate-mapping-3.0.dtd"> 

<hibernate-mapping>
   <class name="test.veans.Order" table="Orders">
      <meta attribute="class-description">
         This class contains the order detail. 
      </meta>
      <id name="id" type="int" column="id">
         <generator class="native"/>
      </id>
      
      <property name="clientId" column="Client" type="int"/>
      <property name="produsId" column="Produs" type="int"/>
      
   </class>
</hibernate-mapping>