<?xml version="1.0" encoding="utf-8"?>
<!DOCTYPE hibernate-mapping PUBLIC 
 "-//Hibernate/Hibernate Mapping DTD//EN"
 "http://www.hibernate.org/dtd/hibernate-mapping-3.0.dtd">

<hibernate-mapping>
	<class name="test.beans.Grade" table="Grades">
		<meta attribute="class-description">
			This class contains the employee detail.
		</meta>
		<id name="ID" type="int" column="ID">
			<generator class="native" />
		</id>
		<property name="subjectID" column="Subject_ID" type="int" />
		<property name="studentID" column="Student_ID" type="int" />
		<property name="grade" column="Grade" type="int" />
	</class>
</hibernate-mapping>