<?xml version="1.0" encoding="utf-8"?>
<!DOCTYPE hibernate-mapping PUBLIC 
 "-//Hibernate/Hibernate Mapping DTD//EN"
 "http://www.hibernate.org/dtd/hibernate-mapping-3.0.dtd">

<hibernate-mapping>
	<class name="test.beans.Student" table="students">
		<meta attribute="class-description">
			This class contains the employee detail.
		</meta>
		<id name="ID" type="int" column="ID">
			<generator class="native" />
		</id>
		<property name="classID" column="Class_ID" type="int" />
		<property name="firstName" column="First_Name" type="string" />
		<property name="lastName" column="Last_Name" type="string" />
	</class>
</hibernate-mapping>